{"Around_55": [38.99884364669759, 117.3060651089827], "Around_Lib": [38.99668606495882, 117.30718775743824], "Around_Playground": [38.99886391360026, 117.31432091657649], "Between_Building": [38.996445614386786, 117.31055765047432], "Playground": [39.00126232988473, 117.31477037587939], "Tai_Lei": [38.99622502667355, 117.30482132370497]}